,Name,Country,Region,Winery,Rating,NumberOfRatings,Price,Year,Types
0,Crémant de Loire Brut 2017,France,Crémant de Loire,Langlois-Chateau,3.9,25,14.41,2017,Champagne
1,Crémant de Limoux Brut N.V.,France,Crémant de Limoux,Prima Perla,3.5,25,14.32,,Champagne
2,Sélection Demi-Sec Champagne Premier Cru N.V.,France,Champagne Premier Cru,Henriet-Bazin,4.1,25,25.0,,Champagne
3,Crémant de Loire L'Extra Rosé N.V.,France,Crémant de Loire,Langlois-Chateau,3.7,26,14.4,,Champagne
4,Dom Ruinart Rosé Brut Champagne 2007,France,Champagne,Ruinart,4.4,27,269.0,2007,Champagne
5,Crémant d'Alsace Brut Prestige N.V.,France,Crémant d'Alsace,Domaine du Moulin de Dusenbach,3.8,28,14.95,,Champagne
6,Crémant d'Alsace Brut N.V.,France,Crémant d'Alsace,Jean-Louis Schoepfer,3.7,29,14.0,,Champagne
7,Carte d'Or Demi-Sec Champagne N.V.,France,Champagne,Drappier,3.8,30,29.89,,Champagne
8,Cremant d'Alsace Blanc de Blancs N.V.,France,Crémant d'Alsace,Boeckel,4.0,31,15.5,,Champagne
9,Blanc de Blancs Brut Champagne 2014,France,Champagne,Deutz,4.4,32,72.0,2014,Champagne
10,Victor Mandois Brut Champagne 2008,France,Champagne,Mandois,3.9,34,37.97,2008,Champagne
11,Crémant de Bourgogne Blanc de Blancs Extra Brut N.V.,France,Crémant de Bourgogne,Domaine Henri Boillot,4.0,34,22.5,,Champagne
12,Millésimé Crémant du Jura Brut 2014,France,Crémant du Jura,Tissot-Maire,3.7,35,13.9,2014,Champagne
13,Blanc de Blancs Brut Champagne Premier Cru 2010,France,Champagne Premier Cru,Paul Michel,3.9,36,31.68,2010,Champagne
14,Cuvée Eugénie Crémant de Limoux Brut 2017,France,Crémant de Limoux,Antech,3.6,37,14.62,2017,Champagne
15,La Croisette Brut Champagne 2014,France,Champagne,Leclerc Briant,4.3,38,145.7,2014,Champagne
16,Crémant d'Alsace Brut N.V.,France,Crémant d'Alsace,Edouard Leiber,3.8,38,9.9,,Champagne
17,Vintage Rosé Brut Champagne 2012,France,Champagne,Veuve Clicquot,4.2,39,78.49,2012,Champagne
18,Cristal Rosé Brut Champagne (Millésimé) 2012,France,Champagne,Louis Roederer,4.7,39,449.9,2012,Champagne
19,Graphic Ice Champagne N.V.,France,Champagne,Nicolas Feuillatte,3.5,40,39.0,,Champagne
20,Reserve Rosé Champagne 2005,France,Champagne,Charles Heidsieck,4.2,40,109.92,2005,Champagne
21,Brut Champagne 2010,France,Champagne,Barons de Rothschild (Lafite),4.3,41,75.95,2010,Champagne
22,Inspiration de Saison Extra Brut Champagne 2010,France,Champagne,Michel Loriot,3.9,41,37.64,2010,Champagne
23,Elixir Dry Champagne N.V.,France,Champagne,Pommery,3.7,43,41.39,,Champagne
24,Brut Rosé Aÿ Champagne N.V.,France,Champagne,Pierre Leboeuf,3.8,44,33.95,,Champagne
25,Crémant du Jura Brut Rosé N.V.,France,Crémant du Jura,Tissot-Maire,4.0,45,12.9,,Champagne
26,Somnam’Bulles 2017,France,Vin de France,Mas del Périé - Fabien Jouves,3.8,46,13.9,2017,Champagne
27,Authentique Rosé Brut Champagne N.V.,France,Champagne,Le Brun de Neuville,4.1,46,40.0,,Champagne
28,Carte Rosé Brut Champagne N.V.,France,Champagne,Irroy,3.7,47,39.95,,Champagne
29,Crémant de Loire Brut N.V.,France,Crémant de Loire,Chapin & Landais,4.0,47,10.86,,Champagne
30,Cremant d'Alsace Reserve de l'Abbaye Chardonnay N.V.,France,Crémant d'Alsace,Arthur Metz,3.9,48,14.09,,Champagne
31,Millesimé Carte d'Or Brut Champagne Premier Cru 2010,France,Champagne Premier Cru,Henriet-Bazin,3.9,48,39.95,2010,Champagne
32,Crémant de Loire Brut N.V.,France,Crémant de Loire,Louis Despas & Cie,3.6,49,14.32,,Champagne
33,Crémant de Bourgogne Brut N.V.,France,Crémant de Bourgogne,Château de la Greffière,3.7,49,17.76,,Champagne
34,Millesimé Extra Brut Champagne 2013,France,Champagne,Leclerc Briant,4.3,50,60.2,2013,Champagne
35,Crémant de Limoux Rosé Brut N.V.,France,Crémant de Limoux,La Louvière,4.2,51,20.19,,Champagne
36,Extra Brut Champagne N.V.,France,Champagne,Louis Casters,4.1,51,42.9,,Champagne
37,Les Hauts des Clos du Mont Brut Champagne N.V.,France,Champagne,Fallet Dart,4.2,51,66.0,,Champagne
38,Cuvée Marie Ambal Crémant de Bourgogne Rosé N.V.,France,Crémant de Bourgogne,Veuve Ambal,3.8,52,23.95,,Champagne
39,La Petite Bulle Brut Rosé N.V.,France,Saumur,Bouvet-Ladubay,3.6,53,6.95,,Champagne
40,Noces de Craie Champagne Grand Cru 'Aÿ' 2015,France,Champagne Grand Cru 'Aÿ',Marc Hébrart,4.4,53,65.0,2015,Champagne
41,Brut Champagne N.V.,France,Champagne,Champagne du Rédempteur,3.8,54,31.9,,Champagne
42,Brut Rosé Champagne N.V.,France,Champagne,Comtesse Lafond,4.3,56,51.9,,Champagne
43,Rosé Brut Champagne (Vintage) 2014,France,Champagne,Louis Roederer,4.1,56,48.64,2014,Champagne
44,Mont Marvin Cuvée Brut Champagne 2011,France,Champagne,Lacroix Triaulaire,4.0,59,42.0,2011,Champagne
45,Crémant d'Alsace Blanc de Blancs Brut N.V.,France,Crémant d'Alsace,Dopff & Fils,4.2,62,14.21,,Champagne
46,Rosé Brut Champagne Premier Cru N.V.,France,Champagne Premier Cru,Autréau de Champillon,3.6,64,28.5,,Champagne
47,Blanc de Blancs Brut Champagne N.V.,France,Champagne,Jacquinot & Fils,3.7,64,46.95,,Champagne
48,Lady Rosé Champagne N.V.,France,Champagne,Duval-Leroy,3.6,64,51.69,,Champagne
49,N.P.U Brut Champagne (Nec Plus Ultra) 2004,France,Champagne,Bruno Paillard,4.4,67,169.0,2004,Champagne
50,L'Authentique Brut Champagne 2009,France,Champagne,Tribaut Schloesser,4.2,70,78.95,2009,Champagne
51,Initiation N.V.,France,Champagne,Benoît Déhu,4.2,74,54.0,,Champagne
52,Crémant de Loire Brut Rosé N.V.,France,Crémant de Loire,Chapin & Landais,3.7,75,11.07,,Champagne
53,Tradition Demi-Sec Champagne N.V.,France,Champagne,J.M. Gobillard & Fils,4.1,75,28.95,,Champagne
54,Cuvée Prestige Millésimé Brut Champagne 2013,France,Champagne,J.M. Gobillard & Fils,4.2,77,33.92,2013,Champagne
55,Cuvée Patrimony Brut Champagne N.V.,France,Champagne,Michel Loriot,3.8,77,25.99,,Champagne
56,Millesimé Brut Champagne 2013,France,Champagne,Deutz,4.0,78,48.5,2013,Champagne
57,Millésime Brut Champagne 2009,France,Champagne,Tribaut Schloesser,4.2,79,39.95,2009,Champagne
58,Réserve Blanquette de Limoux Brut 2016,France,Blanquette de Limoux,Antech,3.7,80,14.62,2016,Champagne
59,Grande Sélection Brut Champagne N.V.,France,Champagne,Le Brun de Neuville,4.0,81,29.95,,Champagne
60,Extra Brut Champagne N.V.,France,Champagne,Comtesse Lafond,4.1,82,44.9,,Champagne
61,Vieille Réserve Brut Champagne Premier Cru N.V.,France,Champagne Premier Cru,Frédéric Malétrez,4.1,83,45.0,,Champagne
62,Millesimé Exception Brut Champagne 2014,France,Champagne,Drappier,4.1,86,39.79,2014,Champagne
63,Comtes de Champagne Rosé 2007,France,Champagne,Taittinger,4.3,89,208.2,2007,Champagne
64,Ballerine Brut Étoile Rosé N.V.,France,Crémant de Limoux,Gérard Bertrand,4.0,91,50.14,,Champagne
65,Brut Rosé Champagne N.V.,France,Champagne,Gallimard Père & Fils,4.0,95,28.95,,Champagne
66,Réserve Brut Champagne N.V.,France,Champagne,Morize Père & Fils,3.8,97,30.3,,Champagne
67,Crémant de Limoux Brut N.V.,France,Crémant de Limoux,La Louvière,3.9,98,18.79,,Champagne
68,Esprit Brut Champagne N.V.,France,Champagne,Baron-Fuenté,3.7,99,35.89,,Champagne
69,Brut Rosé d'Assemblage Champagne N.V.,France,Champagne,Gremillet,3.9,100,31.5,,Champagne
70,Esprit Blanc de Blancs Champagne N.V.,France,Champagne,Baron-Fuenté,3.8,101,35.89,,Champagne
71,Extra Brut Champagne N.V.,France,Champagne,Irroy,3.7,101,30.75,,Champagne
72,Vouvray Brut Extrème Réserve Privée N.V.,France,Vouvray,Marc Brédif,3.9,105,19.9,,Champagne
73,Authentique Blanc de Blancs Brut Champagne N.V.,France,Champagne,Le Brun de Neuville,3.9,106,39.95,,Champagne
74,Rosé Brut Champagne (Extra Cuvée de Réserve) 2012,France,Champagne,Pol Roger,4.3,107,66.29,2012,Champagne
75,Blanc de Noirs Brut Pinot Meunier Champagne N.V.,France,Champagne,Henriet-Bazin,4.0,110,34.95,,Champagne
76,Rosé Champagne N.V.,France,Champagne,Louis Casters,3.8,110,22.95,,Champagne
77,Blanc de Blancs Brut Champagne Premier Cru 2013,France,Champagne Premier Cru,Mandois,4.0,110,30.17,2013,Champagne
78,Graphic Ice Rosé Champagne N.V.,France,Champagne,Nicolas Feuillatte,3.8,111,35.0,,Champagne
79,Millésime Brut Collection Mémoire Champagne Grand Cru 'Aÿ' 2010,France,Champagne Grand Cru 'Aÿ',Lallier,4.3,112,65.69,2010,Champagne
80,D Millésimé Champagne 2008,France,Champagne,Veuve A. Devaux,4.0,112,57.51,2008,Champagne
81,R.012 D Extra Dosage Aÿ Champagne N.V.,France,Champagne,Lallier,3.9,113,41.05,,Champagne
82,Cuvée Oenophile Non Dose Extra Brut Champagne Premier Cru 2012,France,Champagne Premier Cru,Pierre Gimonnet & Fils,4.1,114,42.0,2012,Champagne
83,Etienne Crémant de Loire Brut N.V.,France,Crémant de Loire,Bouvet-Ladubay,3.6,114,10.2,,Champagne
84,Crémant de Bourgogne Brut Rosé N.V.,France,Bourgogne,Paul Delane,3.6,117,13.45,,Champagne
85,Sir Winston Churchill Brut Champagne 2009,France,Champagne,Pol Roger,4.6,117,184.24,2009,Champagne
86,R.012 N Brut Nature Aÿ Champagne N.V.,France,Champagne,Lallier,4.0,119,41.05,,Champagne
87,Tresor Brut 2012,France,Saumur,Bouvet-Ladubay,3.8,122,35.5,2012,Champagne
88,002 Sparkling N.V.,France,Côtes de Gascogne,Uby,3.6,122,8.5,,Champagne
89,Brut Vintage Champagne (Cuvée Royale) 2004,France,Champagne,Joseph Perrier,3.9,122,60.08,2004,Champagne
90,Cuvée Elisabeth Salmon Brut Rosé Champagne 2007,France,Champagne,Billecart-Salmon,4.5,125,184.24,2007,Champagne
91,Comtesse Marie de France Brut Millésime Champagne Grand Cru 'Bouzy' 2006,France,Champagne Grand Cru 'Bouzy',Paul Bara,4.4,127,77.93,2006,Champagne
92,N.P.U Brut Champagne (Nec Plus Ultra) 2003,France,Champagne,Bruno Paillard,4.5,128,145.73,2003,Champagne
93,Brut Champagne 2010,France,Champagne,Dom Pérignon,4.6,131,167.48,2010,Champagne
94,Cuvée Privée Crémant de Loire Brut N.V.,France,Crémant de Loire,Ackerman,3.9,131,11.4,,Champagne
95,Brut Tradition Champagne N.V.,France,Champagne,Marcel Vézien,3.6,133,25.17,,Champagne
96,Théodorine Rosé Brut Champagne N.V.,France,Champagne,Michel Loriot,4.0,133,29.19,,Champagne
97,L'Illustre Champagne N.V.,France,Champagne,Marcel Vézien,4.1,133,27.9,,Champagne
98,Instant Gourmand Brut Champagne N.V.,France,Champagne,Tribaut Schloesser,3.7,135,28.95,,Champagne
99,Grande Sendrée Champagne Brut 2009,France,Champagne,Drappier,4.3,136,61.55,2009,Champagne
100,Cuvée ∝ (Alpha) Champagne 2006,France,Champagne,Jacquart,4.3,137,126.32,2006,Champagne
101,Belle Epoque Rosé Brut Champagne 2002,France,Champagne,Perrier-Jouët,4.6,138,259.95,2002,Champagne
102,Noir Extra Brut Champagne N.V.,France,Champagne,Alexandre Bonnet,4.0,141,42.49,,Champagne
103,Crémant de Bourgogne Brut N.V.,France,Crémant de Bourgogne,Cave de Lugny,3.8,144,11.39,,Champagne
104,Assemblage Brut Champagne 2009,France,Champagne,Bruno Paillard,4.4,144,75.0,2009,Champagne
105,Blanc de Blancs Brut Champagne N.V.,France,Champagne,Robert Barbichon,3.9,144,41.25,,Champagne
106,Essentiel Blanc de Blancs Extra Brut Champagne N.V.,France,Champagne,Piper-Heidsieck,4.0,144,59.66,,Champagne
107,Millésimé de Collection Vieilles Vignes de Chardonnay Brut Champagne N.V.,France,Champagne,Pierre Gimonnet & Fils,4.3,145,140.0,,Champagne
108,Clos Saint-Hilaire Brut Champagne 1999,France,Champagne,Billecart-Salmon,4.5,146,336.31,1999,Champagne
109,Le Biographe Champagne N.V.,France,Champagne,Lacroix Triaulaire,3.9,150,29.9,,Champagne
110,Demi-Sec Mosaïque Champagne N.V.,France,Champagne,Jacquart,3.9,152,27.36,,Champagne
111,Cuvée Marie Ambal Crémant de Bourgogne N.V.,France,Crémant de Bourgogne,Veuve Ambal,3.8,156,23.95,,Champagne
112,Cuvée No. 737 Dégorgement Tardif Extra Brut Champagne N.V.,France,Champagne,Jacquesson,4.3,156,89.95,,Champagne
113,Tresor Brut 2016,France,Saumur,Bouvet-Ladubay,3.6,158,15.4,2016,Champagne
114,Cœur des Bar Champagne Blanc de Noirs Brut N.V.,France,Champagne,Veuve A. Devaux,3.9,159,36.9,,Champagne
115,l'Incandescent Rosé de Saignée Champagne Grand Cru 'Verzy' N.V.,France,Champagne Grand Cru 'Verzy',Mouzon Leroux,4.1,159,48.0,,Champagne
116,Les Nogers Blanc de Blancs Extra Brut Champagne Premier Cru 2012,France,Champagne Premier Cru,Dhondt-Grellet,4.3,160,79.0,2012,Champagne
117,Extra Brut Champagne N.V.,France,Champagne,Barons de Rothschild (Lafite),4.0,165,49.84,,Champagne
118,Crémant d'Alsace Rosé N.V.,France,Crémant d'Alsace,René Muré,3.9,165,19.5,,Champagne
119,Vintage Brut Champagne 2012,France,Champagne,Piper-Heidsieck,4.2,166,53.3,2012,Champagne
120,Special Club Grands Terroirs de Chardonnay Champagne 2010,France,Champagne,Pierre Gimonnet & Fils,4.2,171,52.0,2010,Champagne
121,Blanc de Meuniers Zéro Brut Champagne Premier Cru N.V.,France,Champagne Premier Cru,Leclerc Briant,4.2,172,146.65,,Champagne
122,Grand Cordon Rosé Brut Champagne N.V.,France,Champagne,G.H. Mumm,3.8,175,42.0,,Champagne
123,Rare Brut Champagne (Millesimé) 2006,France,Champagne,Piper-Heidsieck,4.4,178,144.05,2006,Champagne
124,N.P.U Brut Champagne (Nec Plus Ultra) 2002,France,Champagne,Bruno Paillard,4.6,181,174.97,2002,Champagne
125,James Bond 007 Brut Champagne 2011,France,Champagne,Bollinger,4.5,182,167.66,2011,Champagne
126,Crémant d'Alsace Cuvée Prestige Brut N.V.,France,Crémant d'Alsace,Kuehn,3.6,182,13.95,,Champagne
127,Blanc de Blancs Brut Champagne Grand Cru 2006,France,Champagne Grand Cru,Bonnaire,4.0,183,42.79,2006,Champagne
128,Vieilles Vignes Brut Champagne Grand Cru 'Aÿ' N.V.,France,Champagne Grand Cru 'Aÿ',André Roger,4.0,183,44.77,,Champagne
129,Esprit Champagne Grand Cru N.V.,France,Champagne Grand Cru,Baron-Fuenté,3.9,190,37.99,,Champagne
130,D Brut Rosé Champagne N.V.,France,Champagne,Veuve A. Devaux,3.8,190,46.9,,Champagne
131,Spécial Club Brut Champagne Premier Cru 2015,France,Champagne Premier Cru,Marc Hébrart,4.2,191,49.9,2015,Champagne
132,Sélection Champagne N.V.,France,Champagne,Louis Casters,3.7,193,22.95,,Champagne
133,La Grande Année Brut Champagne 2012,France,Champagne,Bollinger,4.6,193,119.0,2012,Champagne
134,Réserve Privée Blanc de Blancs Brut Champagne Grand Cru N.V.,France,Champagne Grand Cru,Bruno Paillard,4.2,194,65.0,,Champagne
135,Special Club Brut Champagne Grand Cru 'Bouzy' 2008,France,Champagne Grand Cru 'Bouzy',Paul Bara,4.2,200,58.0,2008,Champagne
136,Blanc de Blancs Extra Brut Champagne N.V.,France,Champagne,Le Brun de Neuville,3.8,201,29.9,,Champagne
137,Cuvée Eugène Brut Champagne N.V.,France,Champagne,Louis Casters,4.0,202,31.9,,Champagne
138,Cuvée Joséphine Brut Champagne 2008,France,Champagne,Joseph Perrier,4.4,204,88.9,2008,Champagne
139,Cuvée Prestige Millésimé Brut Champagne 2012,France,Champagne,J.M. Gobillard & Fils,4.1,205,34.8,2012,Champagne
140,Esprit de Victoria Brut Rosé Champagne N.V.,France,Champagne,Joseph Perrier,3.8,206,44.9,,Champagne
141,Extra Brut Champagne N.V.,France,Champagne,Gosset,3.8,209,29.5,,Champagne
142,Crémant d'Alsace Brut Rosé N.V.,France,Crémant d'Alsace,Boeckel,3.8,210,18.5,,Champagne
143,Tendresse Brut Rosé Champagne N.V.,France,Champagne,Veuve Doussot,4.1,211,44.5,,Champagne
144,Blanc de Blancs Brut Champagne N.V.,France,Champagne,Gremillet,3.8,211,35.0,,Champagne
145,Dosage Zéro Champagne N.V.,France,Champagne,Bruno Paillard,4.2,212,55.0,,Champagne
146,Brut Mosaic Signature Aged 5 Years N.V.,France,Champagne,Jacquart,4.0,214,35.0,,Champagne
147,Ouvrage Grand Cru Champagne (Elevé Sous Liège) N.V.,France,Champagne,Lallier,4.2,216,86.69,,Champagne
148,Brut Champagne Premier Cru Sélection Mövenpick N.V.,France,Champagne Premier Cru,Frédéric Malétrez,3.7,218,28.5,,Champagne
149,Brut Rosé Champagne N.V.,France,Champagne,Tribaut Schloesser,3.8,220,31.95,,Champagne
150,Dom Ruinart Rosé Brut Champagne 2004,France,Champagne,Ruinart,4.6,221,259.0,2004,Champagne
151,Blanc de Blancs Extra Brut Champagne Grand Cru N.V.,France,Champagne Grand Cru,Bonnaire,3.9,225,35.9,,Champagne
152,Blanc de Blancs Brut Champagne Grand Cru 'Oger' N.V.,France,Champagne Grand Cru 'Oger',Pierre Gimonnet & Fils,4.1,233,42.0,,Champagne
153,Brut Rosé Champagne N.V.,France,Champagne,J.M. Gobillard & Fils,3.8,234,30.95,,Champagne
154,N.P.U Brut Champagne (Nec Plus Ultra) 1999,France,Champagne,Bruno Paillard,4.5,234,184.23,1999,Champagne
155,Esprit de Victoria Blanc de Blancs Brut Champagne N.V.,France,Champagne,Joseph Perrier,4.0,237,55.85,,Champagne
156,Cuvée Prestige Crémant de Bourgogne Brut N.V.,France,Crémant de Bourgogne,Domaine de La Grande Côte,3.9,238,14.95,,Champagne
157,Éclats de Meulière Extra-Brut Champagne N.V.,France,Champagne,Jeaunaux-Robin,4.0,242,38.5,,Champagne
158,Les Fumées Blanches Sauvignon Blanc Sparkling (Pétillant) 2018,France,Vin de France,François Lurton,3.7,246,7.45,2018,Champagne
159,Brut Nature Champagne (Philippe Starck) 2012,France,Champagne,Louis Roederer,4.1,249,79.9,2012,Champagne
160,Brut Champagne N.V.,France,Champagne,Comtesse Lafond,4.0,252,39.9,,Champagne
161,Cuvée Rosée Brut Champagne N.V.,France,Champagne,Veuve A. Devaux,3.8,253,36.9,,Champagne
162,Blanc de Blancs Brut Champagne Premier Cru N.V.,France,Champagne Premier Cru,Henriet-Bazin,3.9,254,34.95,,Champagne
163,Tradition Brut Champagne Grand Cru 'Le Mesnil-sur-Oger' N.V.,France,Champagne Grand Cru 'Le Mesnil-sur-Oger',Jean Pernet,3.7,257,29.9,,Champagne
164,Crémant d'Alsace Rosé Brut N.V.,France,Crémant d'Alsace,Bestheim,3.8,259,11.5,,Champagne
165,Crémant d'Alsace Blanc de Noirs N.V.,France,Crémant d'Alsace,Dopff au Moulin,3.8,260,16.95,,Champagne
166,Grande Réserve Brut Champagne Grand Cru N.V.,France,Champagne Grand Cru,André Roger,4.0,263,35.81,,Champagne
167,Femme de Champagne 1996,France,Champagne,Duval-Leroy,4.5,271,239.7,1996,Champagne
168,Réserve Brut Champagne Grand Cru N.V.,France,Champagne Grand Cru,Autréau de Champillon,4.0,272,29.5,,Champagne
169,Lapiaz Crémant du Jura Brut N.V.,France,Crémant du Jura,Tissot-Maire,3.5,273,12.9,,Champagne
170,Grande Réserve Champagne N.V.,France,Champagne,Louis Casters,3.8,279,22.95,,Champagne
171,Crémant de Limoux Brut N.V.,France,Crémant de Limoux,Château Martinolles,3.7,279,11.9,,Champagne
172,Cristal Brut Champagne (Millésimé) 2012,France,Champagne,Louis Roederer,4.5,282,205.84,2012,Champagne
173,Demi-Sec Champagne (Cuvée Royale) N.V.,France,Champagne,Joseph Perrier,3.9,283,36.5,,Champagne
174,Terre de Vertus Champagne Premier Cru 2013,France,Champagne Premier Cru,Larmandier-Bernier,4.2,286,58.39,2013,Champagne
175,Crémant de Bourgogne Rosé Brut N.V.,France,Bourgogne,Caves de Marsigny,3.6,287,14.99,,Champagne
176,Dom Ruinart Blanc de Blancs Brut Champagne 2007,France,Champagne,Ruinart,4.5,287,169.0,2007,Champagne
177,Blanc de Blancs Millésimé Brut Champagne Premier Cru N.V.,France,Champagne Premier Cru,Doyard Mahé,4.1,287,36.5,,Champagne
178,Nocturne City Lights Sec Champagne N.V.,France,Champagne,Taittinger,4.0,288,49.3,,Champagne
179,Brut Extrem Champagne N.V.,France,Champagne,Nicolas Feuillatte,3.6,289,35.0,,Champagne
180,Millésime Brut Collection Mémoire Champagne Grand Cru 'Aÿ' 2008,France,Champagne Grand Cru 'Aÿ',Lallier,4.3,290,69.36,2008,Champagne
181,Réserve 4 Cèpages Brut Champagne N.V.,France,Champagne,Robert Barbichon,3.8,291,36.95,,Champagne
182,Brut Champagne (Cuvée Royale) 2008,France,Champagne,Joseph Perrier,4.0,297,46.5,2008,Champagne
183,Saphir Saumur Brut Vintage 2017,France,Saumur,Bouvet-Ladubay,3.5,298,11.65,2017,Champagne
184,Rosé Brut Champagne 2012,France,Champagne,Deutz,4.1,300,55.89,2012,Champagne
185,Cuvée Spéciale Demi Sec N.V.,France,Loire Valley,Marquis de la Tour,3.8,301,8.25,,Champagne
186,Brut Rosé Champagne Grand Cru 'Chouilly' N.V.,France,Champagne Grand Cru 'Chouilly',Legras & Haas,3.8,312,40.8,,Champagne
187,Blanc de Blancs Brut Champagne 2007,France,Champagne,Deutz,4.2,313,74.9,2007,Champagne
188,Assemblage Brut Champagne 2008,France,Champagne,Bruno Paillard,4.3,331,68.19,2008,Champagne
189,Brut Premier Champagne 2012,France,Champagne Premier Cru,Louis Roederer,4.1,333,62.9,2012,Champagne
190,Cuvée de La Rue des Noyers Champagne N.V.,France,Champagne,Benoît Déhu,4.2,335,74.01,,Champagne
191,Carte d'Or Brut Champagne N.V.,France,Champagne,Irroy,3.6,336,36.59,,Champagne
192,Cuvée de Reserve Blanc de Noirs Champagne Brut N.V.,France,Champagne,Gallimard Père & Fils,4.1,337,24.95,,Champagne
193,Code Rouge Brut Eternel Blancs de Blancs N.V.,France,Crémant de Limoux,Gérard Bertrand,3.6,339,31.77,,Champagne
194,Blanc de Blancs Champagne (Extra Cuvée de Réserve) 2012,France,Champagne,Pol Roger,4.2,343,77.79,2012,Champagne
195,Blanc de Noirs Brut Champagne N.V.,France,Champagne,Robert Barbichon,3.9,349,35.6,,Champagne
196,Brut Blanc de Blancs N.V.,France,Beaune,Veuve du Vernay,3.8,350,8.25,,Champagne
197,Blanc de Noirs Brut Champagne N.V.,France,Champagne,Gremillet,3.8,351,35.95,,Champagne
198,Cuvée Nicolas François Billecart Brut Champagne 2006,France,Champagne,Billecart-Salmon,4.5,355,144.27,2006,Champagne
199,Réserve Brut Champagne 2006,France,Champagne,Pol Roger,4.2,358,69.0,2006,Champagne
200,Brut Champagne Grand Cru 'Aÿ' N.V.,France,Champagne Grand Cru 'Aÿ',Lallier,4.2,358,51.57,,Champagne
201,Brut Champagne Grand Cru 'Aÿ' N.V.,France,Champagne Grand Cru 'Aÿ',Pierre Leboeuf,3.9,359,33.95,,Champagne
202,Réserve Brut Champagne N.V.,France,Champagne,Leclerc Briant,3.9,362,47.95,,Champagne
203,Amour de Deutz Millésime Brut Champagne 2007,France,Champagne,Deutz,4.5,363,139.0,2007,Champagne
204,Tastevinage Crémant de Bourgogne Brut N.V.,France,Crémant de Bourgogne,Chevalier,3.7,365,14.9,,Champagne
205,Brut Champagne N.V.,France,Champagne,Marcel Pierre,3.8,366,27.7,,Champagne
206,Aimery Crémant de Limoux Grande Cuvée 1531 Rosé N.V.,France,Crémant de Limoux,Sieur d'Arques,3.8,368,11.9,,Champagne
207,Private Cuvée Brut Champagne N.V.,France,Champagne,Jacquinot & Fils,4.0,368,44.5,,Champagne
208,Ice Impérial (Demi-Sec) Rosé Champagne N.V.,France,Champagne,Moët & Chandon,4.1,372,67.59,,Champagne
209,Rosé Brut Champagne (Extra Cuvée de Réserve) 2009,France,Champagne,Pol Roger,4.1,383,68.0,2009,Champagne
210,Rosé Dolorès Brut Champagne N.V.,France,Champagne,Baron-Fuenté,3.9,388,28.99,,Champagne
211,Red Top Sec Champagne N.V.,France,Champagne,Heidsieck & Co. Monopole,3.7,388,29.79,,Champagne
212,Blanc de Noirs Extra Brut Champagne N.V.,France,Champagne,Maurice Grumier,3.9,389,29.9,,Champagne
213,Blanc de Blancs Brut Champagne N.V.,France,Champagne,Le Brun de Neuville,3.9,396,29.95,,Champagne
214,Ultra D Champagne N.V.,France,Champagne,Veuve A. Devaux,3.9,397,39.9,,Champagne
215,Tresor Brut Rosé N.V.,France,Saumur,Bouvet-Ladubay,3.9,410,15.9,,Champagne
216,Cuvée William Deutz Millesimé Brut Champagne 2006,France,Champagne,Deutz,4.4,412,125.0,2006,Champagne
217,Brut Rosé Champagne (Cuvée Royale) N.V.,France,Champagne,Joseph Perrier,3.8,419,45.6,,Champagne
218,Royal Crémant de Loire Brut N.V.,France,Crémant de Loire,Ackerman,4.0,427,15.9,,Champagne
219,Crémant de Bourgogne Brut Rosé N.V.,France,Crémant de Bourgogne,Cave de Lugny,4.0,433,11.52,,Champagne
220,Cuvée Supérieure Champagne N.V.,France,Champagne,Louis Casters,3.8,458,21.95,,Champagne
221,Réserve Premier Cru Brut Champagne Premier Cru N.V.,France,Champagne Premier Cru,Frédéric Malétrez,3.8,465,32.8,,Champagne
222,Crémant de Loire Brut Rosé N.V.,France,Crémant de Loire,Bouvet-Ladubay,3.7,466,11.5,,Champagne
223,Blanc de Blancs Brut Champagne Grand Cru N.V.,France,Champagne Grand Cru,Autréau de Champillon,4.0,468,29.9,,Champagne
224,Millesimé Brut Champagne 2006,France,Champagne,Charles Heidsieck,4.3,469,85.95,2006,Champagne
225,Brut Apanage Rosé Champagne N.V.,France,Champagne,Pommery,4.1,469,65.49,,Champagne
226,Blanc de Blancs Brut Champagne (Vintage) 2011,France,Champagne,Louis Roederer,4.2,482,67.26,2011,Champagne
227,Tradition Brut Champagne N.V.,France,Champagne,Baron-Fuenté,3.6,483,27.98,,Champagne
228,Premium Reserve Brut Champagne Premier Cru N.V.,France,Champagne Premier Cru,Charles Mignon,3.8,496,34.73,,Champagne
229,Alexandra Champagne Rosé (Grande Cuvée) 2004,France,Champagne,Laurent-Perrier,4.6,503,349.0,2004,Champagne
230,Brut Millesimé Champagne N.V.,France,Champagne,Piper-Heidsieck,4.0,505,39.09,,Champagne
231,Special Club Millesimé de Collection Champagne N.V.,France,Champagne,Pierre Gimonnet & Fils,4.2,507,55.0,,Champagne
232,Tradition Brut Champagne Premier Cru N.V.,France,Champagne Premier Cru,Paul Goerg,3.8,513,33.27,,Champagne
233,Saumur Brut N.V.,France,Saumur,Mlle Ladubay,3.6,522,11.9,,Champagne
234,Brut Blanc de Blancs Champagne N.V.,France,Champagne,Charles Heidsieck,4.2,524,74.78,,Champagne
235,Crémant de Bourgogne Brut N.V.,France,Crémant de Bourgogne,Antonin Rodet,3.6,525,19.34,,Champagne
236,Rosé Brut Premium Reserve Champagne N.V.,France,Champagne Premier Cru,Charles Mignon,4.0,542,37.88,,Champagne
237,Blanc de Blancs Champagne Grand Cru N.V.,France,Champagne Grand Cru,Bruno Paillard,4.2,547,64.95,,Champagne
238,Crémant de Loire Brut Rosé N.V.,France,Crémant de Loire,Monmousseau,3.6,558,12.9,,Champagne
239,Vouvray Brut N.V.,France,Vouvray,Vigneau-Chevreau,3.8,562,14.5,,Champagne
240,Prestige Brut Champagne Grand Cru N.V.,France,Champagne Grand Cru 'Cramant',Bonnaire,4.0,565,43.9,,Champagne
241,Brut Rosé Champagne N.V.,France,Champagne,Leclerc Briant,3.9,569,53.7,,Champagne
242,Rosé Champagne N.V.,France,Champagne,Jacquart,3.8,570,32.99,,Champagne
243,Millésimé Brut Champagne 2013,France,Champagne,Taittinger,4.2,573,60.63,2013,Champagne
244,Cuvée Joséphine Brut Champagne N.V.,France,Champagne,Joseph Perrier,4.3,583,112.53,,Champagne
245,L'Universelle Brut Champagne N.V.,France,Champagne,Baron Albert,3.7,585,25.98,,Champagne
246,Crémant d'Alsace Brut Premium N.V.,France,Crémant d'Alsace,Bestheim,3.8,585,11.5,,Champagne
247,Cuvée D Champagne N.V.,France,Champagne,Veuve A. Devaux,4.0,586,36.59,,Champagne
248,Quattuor Blanc de Quatre Blancs Brut Champagne N.V.,France,Champagne,Drappier,4.1,598,61.55,,Champagne
249,Crémant de Limoux Brut N.V.,France,Crémant de Limoux,Gérard Bertrand,3.6,603,39.99,,Champagne
250,Cristal Rosé Brut Champagne (Millésimé) 2007,France,Champagne,Louis Roederer,4.6,613,495.0,2007,Champagne
251,Brut Champagne 2008,France,Champagne,Barons de Rothschild (Lafite),4.1,619,90.43,2008,Champagne
252,Brut Millésimé Champagne 2008,France,Champagne,Laurent-Perrier,4.2,624,59.95,2008,Champagne
253,Belle Epoque Blanc de Blancs Champagne N.V.,France,Champagne,Perrier-Jouët,4.5,627,259.95,,Champagne
254,Blanc de Blancs Brut N.V.,France,Alsace,Cavalier,3.2,630,8.0,,Champagne
255,Authentic Meunier Blanc de Noirs Brut Champagne N.V.,France,Champagne,Michel Loriot,3.9,654,26.12,,Champagne
256,Blanc de Noirs Brut Champagne N.V.,France,Champagne,Alexandre Bonnet,3.8,681,33.75,,Champagne
257,Brut Origine Champagne N.V.,France,Champagne,Tribaut Schloesser,3.8,686,26.95,,Champagne
258,Grande Réserve Demi-Sec Champagne N.V.,France,Champagne,Baron-Fuenté,3.9,688,19.95,,Champagne
259,Blanc de Blancs Brut N.V.,France,Champagne,Barons de Rothschild (Lafite),4.1,736,70.41,,Champagne
260,Belle Epoque Brut Champagne 2012,France,Champagne,Perrier-Jouët,4.4,743,95.53,2012,Champagne
261,Demi-Sec Champagne N.V.,France,Champagne,Deutz,4.1,747,37.5,,Champagne
262,White Label Champagne N.V.,France,Champagne,Lanson,3.9,761,39.9,,Champagne
263,Crémant d'Alsace Brut Prestige N.V.,France,Crémant d'Alsace,Arthur Metz,3.7,777,12.19,,Champagne
264,Dégorgement Tardif Millesimé Extra Brut Champagne N.V.,France,Champagne,Jacquesson,4.4,783,189.0,,Champagne
265,Blanc de Noirs Brut Champagne N.V.,France,Champagne,Veuve A. Devaux,3.8,801,35.5,,Champagne
266,Crémant d'Alsace Brut N.V.,France,Crémant d'Alsace,Bestheim,3.5,805,13.49,,Champagne
267,Brut Rosé Champagne Premier Cru N.V.,France,Champagne Premier Cru,Marc Hébrart,4.0,806,32.5,,Champagne
268,Brut N.V.,France,Loire Valley,Marquis de la Tour,3.7,816,8.25,,Champagne
269,Cuvèe de Réserve Brut Champagne Premier Cru N.V.,France,Champagne Premier Cru,Marc Hébrart,4.0,820,29.5,,Champagne
270,La Grande Dame Brut Champagne 2008,France,Champagne,Veuve Clicquot,4.4,833,142.99,2008,Champagne
271,Première Cuvée Rosé Brut Champagne N.V.,France,Champagne,Bruno Paillard,4.0,857,49.95,,Champagne
272,1851 Brut N.V.,France,Saumur,Bouvet-Ladubay,3.6,894,10.5,,Champagne
273,Vintage Brut Champagne 2008,France,Champagne,Veuve Clicquot,4.2,899,71.69,2008,Champagne
274,Rosé Brut Champagne (Vintage) 2013,France,Champagne,Louis Roederer,4.2,913,62.9,2013,Champagne
275,Blanc de Blancs Brut Champagne Premier Cru N.V.,France,Champagne Premier Cru,Paul Goerg,3.9,915,34.29,,Champagne
276,Blanc de Blancs Brut Champagne Premier Cru N.V.,France,Champagne Premier Cru,Marc Hébrart,4.1,958,31.5,,Champagne
277,Sèlection Brut Champagne Premier Cru N.V.,France,Champagne Premier Cru,Marc Hébrart,4.1,998,33.0,,Champagne
278,Brut Apanage Prestige Champagne N.V.,France,Champagne,Pommery,4.1,1008,65.49,,Champagne
279,Cuvée Essentiel Brut Champagne N.V.,France,Champagne,Piper-Heidsieck,3.9,1016,42.99,,Champagne
280,Cuvée de Reserve Brut Champagne N.V.,France,Champagne,Gallimard Père & Fils,4.1,1023,55.0,,Champagne
281,Rosé Brut Champagne (Vintage) 2011,France,Champagne,Louis Roederer,4.3,1033,62.9,2011,Champagne
282,Blanc de Blancs Brut Champagne N.V.,France,Champagne,Bruno Paillard,4.3,1051,64.95,,Champagne
283,Brut Millésimé Champagne 2006,France,Champagne,Laurent-Perrier,4.2,1074,54.0,2006,Champagne
284,Brut Grand Millesimé Champagne 2006,France,Champagne,Gosset,4.2,1086,67.5,2006,Champagne
285,Les Folies de la Marquetterie Champagne N.V.,France,Champagne,Taittinger,4.1,1087,64.27,,Champagne
286,Pinot Noir Brut Nature Rosé Champagne N.V.,France,Champagne,Drappier,4.0,1115,36.79,,Champagne
287,Origine Brut Champagne N.V.,France,Champagne,Mandois,3.8,1125,28.45,,Champagne
288,Crémant de Bourgogne Brut Blanc de Blancs N.V.,France,Crémant de Bourgogne,Cave de Lugny,3.6,1126,11.85,,Champagne
289,Essentiel Cuvée Réservée Brut Champagne N.V.,France,Champagne,Piper-Heidsieck,3.9,1158,46.01,,Champagne
290,Crémant de Loire Brut Blanc N.V.,France,Crémant de Loire,Monmousseau,3.6,1165,12.9,,Champagne
291,Excellence Brut Rosé N.V.,France,Loire Valley,Bouvet-Ladubay,3.8,1204,12.0,,Champagne
292,La Grande Année Brut Champagne 2008,France,Champagne,Bollinger,4.5,1237,121.15,2008,Champagne
293,Rosé de Saignée Champagne Premier Cru N.V.,France,Champagne Premier Cru,Larmandier-Bernier,4.1,1251,67.5,,Champagne
294,Grande Reserve Brut Champagne Premier Cru N.V.,France,Champagne Premier Cru,J.M. Gobillard & Fils,3.9,1254,31.95,,Champagne
295,Blanc de Blancs Brut Champagne Grand Cru 'Aÿ' N.V.,France,Champagne Grand Cru 'Aÿ',Lallier,4.0,1306,55.05,,Champagne
296,Brut Champagne (Extra Cuvée de Réserve) 2012,France,Champagne,Pol Roger,4.4,1315,60.44,2012,Champagne
297,Rosé Champagne N.V.,France,Champagne,Barons de Rothschild (Lafite),4.1,1348,65.38,,Champagne
298,Perle Rosée Brut Champagne N.V.,France,Champagne,Alexandre Bonnet,3.6,1356,36.85,,Champagne
299,Crémant de Loire Brut N.V.,France,Crémant de Loire,De Chanceny,3.7,1370,11.95,,Champagne
300,Brut Rosé Champagne 2006,France,Champagne,Dom Pérignon,4.6,1414,315.0,2006,Champagne
301,Cuvée Sublime Demi-Sec Champagne N.V.,France,Champagne,Piper-Heidsieck,4.0,1434,39.99,,Champagne
302,Blanc de Blancs Brut Champagne Grand Cru 'Chouilly' N.V.,France,Champagne Grand Cru 'Chouilly',Legras & Haas,4.0,1435,41.93,,Champagne
303,Brut Champagne Premier Cru N.V.,France,Champagne Premier Cru,Autréau de Champillon,3.9,1459,23.9,,Champagne
304,Grande Réserve Brut Champagne N.V.,France,Champagne,Veuve A. Devaux,3.8,1490,29.9,,Champagne
305,Tresor Brut N.V.,France,Saumur,Bouvet-Ladubay,3.8,1508,16.2,,Champagne
306,Cuvée No 741 Extra Brut Champagne N.V.,France,Champagne,Jacquesson,4.1,1533,49.95,,Champagne
307,Tradition Brut Champagne N.V.,France,Champagne,J.M. Gobillard & Fils,3.9,1540,28.95,,Champagne
308,Cremant d'Alsace Cuvée Prestige N.V.,France,Crémant d'Alsace,René Muré,3.8,1549,15.9,,Champagne
309,Carte Blanche Champagne (Demi-Sec) N.V.,France,Champagne,Louis Roederer,4.1,1615,44.74,,Champagne
310,Crémant de Loire L'Extra N.V.,France,Crémant de Loire,Langlois-Chateau,3.8,1711,13.3,,Champagne
311,Crémant d'Alsace Cuvée Julien Brut N.V.,France,Crémant d'Alsace,Dopff au Moulin,3.6,1737,13.95,,Champagne
312,Grande Rosé N.V.,France,Champagne,Montaudon,3.9,1779,24.99,,Champagne
313,Demi-Sec Champagne N.V.,France,Champagne,Taittinger,4.2,1814,47.18,,Champagne
314,Brut Champagne 2004,France,Champagne,Krug,4.6,1853,229.0,2004,Champagne
315,Grand Blanc de Blancs Brut Champagne N.V.,France,Champagne,Gosset,4.1,1874,50.69,,Champagne
316,Reserve Rosé Champagne N.V.,France,Champagne,Charles Heidsieck,4.1,1884,62.69,,Champagne
317,Extra Age Brut Champagne N.V.,France,Champagne,Lanson,4.2,1915,49.95,,Champagne
318,Ultra Brut Champagne (Brut Nature) N.V.,France,Champagne,Laurent-Perrier,4.1,2051,62.4,,Champagne
319,Brut Nature Champagne (Philippe Starck) 2009,France,Champagne,Louis Roederer,4.2,2074,79.9,2009,Champagne
320,Crémant d'Alsace Brut Millésime N.V.,France,Crémant d'Alsace,Arthur Metz,3.6,2090,12.19,,Champagne
321,Excellence Brut Crémant de Loire N.V.,France,Crémant de Loire,Bouvet-Ladubay,3.8,2115,11.0,,Champagne
322,Blanc de Noirs Brut Champagne N.V.,France,Champagne,Fleury,4.0,2181,40.95,,Champagne
323,Comtes de Champagne Blanc de Blancs 2007,France,Champagne,Taittinger,4.5,2326,157.81,2007,Champagne
324,Brut Rosé Champagne N.V.,France,Champagne,Krug,4.6,2376,299.0,,Champagne
325,Cristal Brut Champagne (Millésimé) 2005,France,Champagne,Louis Roederer,4.6,2385,251.23,2005,Champagne
326,Crémant de Loire Rosé Brut N.V.,France,Crémant de Loire,De Chanceny,3.8,2442,11.95,,Champagne
327,Cuvée William Deutz Millesimé Brut Champagne N.V.,France,Champagne,Deutz,4.4,2496,130.0,,Champagne
328,Cristal Brut Champagne (Millésimé) 2002,France,Champagne,Louis Roederer,4.7,2607,363.75,2002,Champagne
329,Rare Brut Champagne (Millesimé) 2002,France,Champagne,Piper-Heidsieck,4.5,2674,202.01,2002,Champagne
330,7 Crus Brut Champagne Grand Cru 'Avize' N.V.,France,Champagne Grand Cru 'Avize',Agrapart & Fils,4.1,2700,45.72,,Champagne
331,Cristal Brut Champagne (Millésimé) 2008,France,Champagne,Louis Roederer,4.6,2729,237.65,2008,Champagne
332,Grand Vintage Brut Champagne 2009,France,Champagne,Moët & Chandon,4.2,2737,67.29,2009,Champagne
333,Cuvée Brut Champagne N.V.,France,Champagne,Jeanmaire,3.5,2739,25.97,,Champagne
334,Brut Champagne N.V.,France,Champagne,Besserat de Bellefon,4.0,2752,29.9,,Champagne
335,Cuvée Brut Champagne N.V.,France,Champagne,Piper-Heidsieck,3.9,2781,44.54,,Champagne
336,Grande Réserve Brut Champagne N.V.,France,Champagne,Baron-Fuenté,3.8,2818,21.5,,Champagne
337,Brut Grand Rosé Champagne N.V.,France,Champagne,Gosset,4.1,2820,33.0,,Champagne
338,Nocturne Champagne (Sec) N.V.,France,Champagne,Taittinger,4.1,2829,52.73,,Champagne
339,Cristal Brut Champagne (Millésimé) 2007,France,Champagne,Louis Roederer,4.6,2949,223.23,2007,Champagne
340,La Grande Année Brut Champagne 2007,France,Champagne,Bollinger,4.4,3047,119.0,2007,Champagne
341,Terroirs Blanc de Blancs Extra Brut Champagne Grand Cru 'Avize' N.V.,France,Champagne Grand Cru 'Avize',Agrapart & Fils,4.2,3170,57.0,,Champagne
342,Blanc de Blancs Brut Champagne Grand Cru N.V.,France,Champagne Grand Cru,Billecart-Salmon,4.3,3206,59.8,,Champagne
343,Blanc de Blancs Brut Champagne (Vintage) N.V.,France,Champagne,Louis Roederer,4.2,3338,69.95,,Champagne
344,Brut Rosé N.V.,France,Beaune,Veuve du Vernay,3.7,3418,8.64,,Champagne
345,Longitude Blanc de Blancs Champagne Premier Cru N.V.,France,Champagne Premier Cru,Larmandier-Bernier,4.1,3575,48.5,,Champagne
346,Grand Cordon Brut Champagne N.V.,France,Champagne,G.H. Mumm,3.9,3582,36.0,,Champagne
347,Brut Rosé (Rose Label) Champagne N.V.,France,Champagne,Lanson,3.9,4143,34.95,,Champagne
348,Brut Tradition Champagne Grand Cru 'Ambonnay' N.V.,France,Champagne Grand Cru 'Ambonnay',Egly-Ouriet,4.3,4301,73.0,,Champagne
349,Blanc de Blancs Cuvée Cuis Brut Champagne 1er Cru N.V.,France,Champagne Premier Cru,Pierre Gimonnet & Fils,4.0,4381,29.9,,Champagne
350,Comtes de Champagne Blanc de Blancs 2006,France,Champagne,Taittinger,4.5,4438,145.19,2006,Champagne
351,Prélude Grands Crus Brut Champagne N.V.,France,Champagne,Taittinger,4.2,4540,57.15,,Champagne
352,Grande Réserve Brut Champagne N.V.,France,Champagne,Alexandre Bonnet,3.8,4551,32.95,,Champagne
353,La Cuvée Brut Champagne N.V.,France,Champagne,Laurent-Perrier,4.0,4740,37.4,,Champagne
354,Rosé Sauvage Brut Champagne N.V.,France,Champagne,Piper-Heidsieck,3.8,4846,45.49,,Champagne
355,Prestige Rosé Brut Champagne N.V.,France,Champagne,Taittinger,4.1,4847,48.64,,Champagne
356,Brut Champagne (Cuvée Royale) N.V.,France,Champagne,Joseph Perrier,3.8,4982,35.0,,Champagne
357,Demi-Sec Champagne N.V.,France,Champagne,Veuve Clicquot,4.3,5006,51.49,,Champagne
358,Rosé Brut Champagne N.V.,France,Champagne,Deutz,4.1,5236,47.9,,Champagne
359,Pinot Noir Brut Nature Champagne N.V.,France,Champagne,Drappier,4.1,5708,32.99,,Champagne
360,Grand Siècle Champagne (Grande Cuvée) N.V.,France,Champagne,Laurent-Perrier,4.5,6095,149.9,,Champagne
361,Brut Champagne N.V.,France,Champagne,Barons de Rothschild (Lafite),4.1,6170,44.29,,Champagne
362,Aimery Crémant de Limoux Grande Cuvée 1531 N.V.,France,Crémant de Limoux,Sieur d'Arques,3.8,6245,10.85,,Champagne
363,Première Cuvée Brut Champagne N.V.,France,Champagne,Bruno Paillard,4.1,6392,39.95,,Champagne
364,Blue Top Brut Champagne N.V.,France,Champagne,Heidsieck & Co. Monopole,3.7,6481,29.79,,Champagne
365,Brut Champagne N.V.,France,Champagne,Montaudon,3.9,6569,19.99,,Champagne
366,Mosaïque Brut Champagne N.V.,France,Champagne,Jacquart,3.8,6753,26.99,,Champagne
367,Grande Réserve Brut Champagne N.V.,France,Champagne,Gosset,4.1,7496,32.5,,Champagne
368,Blason Rosé Brut Champagne N.V.,France,Champagne,Perrier-Jouët,4.2,7569,55.0,,Champagne
369,Carte d'Or Brut Champagne N.V.,France,Champagne,Drappier,3.9,7787,29.79,,Champagne
370,Rosé Brut Champagne N.V.,France,Champagne,Bollinger,4.2,8025,69.5,,Champagne
371,Brut Champagne 2008,France,Champagne,Dom Pérignon,4.6,8349,170.59,2008,Champagne
372,Rosé Brut Champagne (Vintage) N.V.,France,Champagne,Louis Roederer,4.2,8770,63.95,,Champagne
373,Ice Impérial (Demi-Sec) Champagne N.V.,France,Champagne,Moët & Chandon,4.2,10963,57.0,,Champagne
374,Brut Rosé Champagne N.V.,France,Champagne,Ruinart,4.3,11756,63.28,,Champagne
375,Brut Champagne N.V.,France,Champagne,Piper-Heidsieck,3.9,11839,37.82,,Champagne
376,Belle Epoque Brut Champagne N.V.,France,Champagne,Perrier-Jouët,4.5,12146,152.39,,Champagne
377,Brut Réserve Champagne N.V.,France,Champagne,Charles Heidsieck,4.1,12493,51.49,,Champagne
378,Black Label Champagne Brut N.V.,France,Champagne,Lanson,3.8,13652,33.5,,Champagne
379,Brut Rosé Champagne N.V.,France,Champagne,Billecart-Salmon,4.4,13969,59.0,,Champagne
380,Brut Rosé Champagne N.V.,France,Champagne,Veuve Clicquot,4.3,14193,53.9,,Champagne
381,Brut (R de Ruinart) Champagne N.V.,France,Champagne,Ruinart,4.2,14475,47.44,,Champagne
382,Grande Cuvée Brut Champagne N.V.,France,Champagne,Krug,4.6,16160,189.0,,Champagne
383,Classic Brut Champagne N.V.,France,Champagne,Deutz,4.0,16690,39.5,,Champagne
384,Brut Réserve Champagne N.V.,France,Champagne,Billecart-Salmon,4.2,17403,38.41,,Champagne
385,Royal Brut Champagne N.V.,France,Champagne,Pommery,3.9,17671,37.89,,Champagne
386,Réserve Brut Champagne N.V.,France,Champagne,Pol Roger,4.2,20136,38.5,,Champagne
387,Blanc de Blancs Brut Champagne N.V.,France,Champagne,Ruinart,4.4,21106,63.28,,Champagne
388,(Cordon Rouge) Brut Champagne N.V.,France,Champagne,G.H. Mumm,3.9,21726,37.69,,Champagne
389,Impérial Rosé Brut Champagne N.V.,France,Champagne,Moët & Chandon,4.1,22557,48.66,,Champagne
390,Brut Cuvée Champagne Rosé N.V.,France,Champagne,Laurent-Perrier,4.3,23316,69.0,,Champagne
391,Grand Brut Champagne N.V.,France,Champagne Grand Cru,Perrier-Jouët,4.1,26726,43.69,,Champagne
392,Brut (Réserve) Champagne N.V.,France,Champagne,Taittinger,4.1,30090,35.9,,Champagne
393,Special Cuvée Brut Aÿ Champagne N.V.,France,Champagne,Bollinger,4.2,37765,46.0,,Champagne
394,Brut Premier Champagne N.V.,France,Champagne Premier Cru,Louis Roederer,4.2,40004,36.48,,Champagne
395,Impérial Brut Champagne N.V.,France,Champagne,Moët & Chandon,4.1,76037,40.61,,Champagne
396,Brut (Carte Jaune) Champagne N.V.,France,Champagne,Veuve Clicquot,4.2,86839,43.6,,Champagne
397,Brut Champagne N.V.,France,Champagne,Dom Pérignon,4.6,94287,170.0,,Champagne
